tweet_id_customer,clean_customer,clean_amazon,intent,escalate,predicted_intent,predicted_intent_clean,predicted_escalate,escalate_reason
1366973,"Two of the items don't have a delivery date even though I order them on the 10/20, it still says preparing shipment.",I'm sorry for the wait! You'll receive a confirmation e-mail once your items ship. Keep us posted on arrival. ^SH,delivery_delay,TRUE,delivery_delay,delivery_delay,FALSE,The customer is reporting a delivery delay issue that can be resolved with standard order tracking information.
1254604,I haven’t been charged yet either,What delivery date were you given in your confirmation email? ^KM,payment_issue,TRUE,payment_issue,payment_issue,FALSE,"The message is a simple statement of non-payment with no signs of anger, confusion, or high stakes."
2697196,Merci de votre réponse aussi rapide. Je vais de ce pas sur le lien. Bonne soirée,"Je vous en prie, bonne soirée à vous aussi. ^BR",non_english,FALSE,non_english,non_english,FALSE,The message is polite and contains no urgent or problematic content requiring human intervention.
1456410,I have provided my details last night via chat. Even via email. How many times will ask me to do the same..,We wouldn't be able to access your Amazon account details on Twitter. Kindly share the details on the secure link 1/2 ^SY,customer_service_escalation,TRUE,follow_up_acknowledgment,follow_up_acknowledgment,FALSE,"The customer is expressing frustration about repeated requests for information, but the message does not contain explicit anger, safety concerns, or high financial stakes that require human intervention."
1955319,Didn't have a chance to yesterday.,"We'd like to see what's going on, please contact us again by phone or chat: ^MG",follow_up_acknowledgment,TRUE,non_english,non_english,FALSE,"The message is a brief, non-English phrase that does not indicate anger, confusion, or high stakes."
206035,"Oui, il faut bien lire sinon on paie tous les mois sans rien commander. Merci pour vos retours. Bonne soirée !","Je vous en prie, pour plus de détails sur l'abonnement Prime, vous pouvez consulter la page : . ^ASZ",non_english,FALSE,non_english,non_english,TRUE,"[one short sentence] - but wait, the user is asking me to play a decision game about AI agent vs human escalation, but then gave a. The
b. The
b. The
b"
477703,so we're back to an 8pm delivery but not out for delivery yet and customer service cannot (or will not) suggest a way forward.,Hi Matthew I am sorry to see that there is a delay with your order. Do you know what carrier its with? ^HS,delivery_delay,TRUE,delivery_delay,delivery_delay,TRUE,"The customer is experiencing delivery confusion and frustration, requiring human intervention to resolve the scheduling issue."
1551772,It’s a shame that doesn’t have a single movie of Chiranjeevi in its Telugu movies..pls acquire his all-time hits in your list,We will continue to add new content. Keeping checking ^AK (1/2),product_content_request,FALSE,general_other,general_other,FALSE,"The request is a straightforward content suggestion without anger, confusion, or high financial stakes."
2706717,The greatest thing happened to me today and it’s that delivered two brand new pairs of leggings to my door and now I’m in such a better mood #leggingsalways,"Yey! Thanks, Keri, for letting us know your order arrived safely. I hope you enjoy your leggings! ^NN",general_other,FALSE,delivery_delay,delivery_delay,FALSE,"The message is positive and celebratory, with no signs of anger, confusion, or safety concerns."
2789067,"That’s the point, there is no new status. It says out for delivery on the 19th, which it wasn’t.",I know how frustrating this can be when a package is delayed. Did you receive an email regarding the delay? ^BA,delivery_delay,FALSE,delivery_delay,delivery_delay,FALSE,"The customer is expressing frustration about a delivery status but the request is straightforward and does not involve high financial stakes, safety issues, or extreme anger requiring human intervention."
1086003,"sat in all day waiting for a few parcels 1 turns up about 11 this morning still waiting on the other one, any news on its location","I understand your concern, James. Parcels can be delivered up to 21:00. We'd ask for your patience until then. Let us know! ^SK",delivery_delay,FALSE,delivery_delay,delivery_delay,FALSE,"The customer is reporting a delivery delay and asking for status updates, which is a standard inquiry an AI can address."
2802358,im having trouble with my account can you help me please,Hi there! We've responded to your DM. Please check your messages. ^JM,account_access,FALSE,account</think>account_access,account_access,TRUE,"Intent 'account_access' involves account security or money, requires human review by policy."
352601,didn't receive the products but app shows delivered. Pls help getting my order fulfilled. Tracking id: 216236684499,as we consider it to be personal information. Our Twitter page is visible to the public. (3/3)^AP,order_not_received,FALSE,order_not_received,order_not_received,FALSE,"The customer reports a delivery discrepancy but does not express anger or confusion, and the request for order fulfillment can be resolved through standard AI processes."
2321620,"Come mai se entro su amazon.it non visualizzo le offerte del black friday, mentre su sì? Non sarebbe un problema, ma su .com non risulto iscritta a prime","Le offerte del Black Friday iniziano il 20 Novembre, per questo non sono ancora visibili sul nostro sito. A presto! ^CS",non_english,FALSE,prime_subscription,prime_subscription,FALSE,The user is asking a technical question about Amazon Prime visibility that can be resolved with standard account troubleshooting.
2369643,Yes did earlier also but nothing was initiated from your side. Very much dissappointed. 😐,"If you've filled up the details, you might have received an email correspondence from us. Kindly reply to the same for more information. ^HS",customer_service_escalation,TRUE,delivery_delay,delivery_delay,TRUE,Customer expresses significant anger and dissatisfaction with previous support attempts.
787522,entire day passed by and no delivery yet. This was to be done yesterday morning. PATHETIC,We apologize for the stretch. Keep a tab on your registered e-mail. We'll reach out soon. ^CB,delivery_delay,FALSE,delivery_delay,delivery_delay,TRUE,"The customer uses strong profanity (""PATHETIC"") and expresses significant frustration over a missed delivery deadline."
420416,can you tell me why my order get cancelled 402-9885493-7568327,Canceled orders are followed by an email with the reason for cancelation. Kindly refer. 1/2 ^PS,general_other,FALSE,order_not_received,order_not_received,FALSE,"The customer is asking for an explanation regarding a cancelled order, which is a routine inquiry suitable for AI resolution."
2608057,"Hi , we were gifted this £50 voucher. We spent a while mulling over #BlackFridayWeekend deals that we might want..but seeing as it's so cold &amp; Xmas is near, we'd rather buy blankets for the homeless ☺️ Rather than us searching, what's the best deal you can make us?","I was able to locate the following option available from one of our sellers: It's machine washable, durable, soft, and would provide lots of warmth! I hope this helps! ^ST",product_content_request,FALSE,general_other,general_other,FALSE,"The request is a general inquiry about deals and does not involve anger, confusion, high financial stakes, or safety issues."
1500692,"bought echo in India, but echo assuming I am in US, how to install saavn &amp; Ola skills, not showing in skills search",then you'll be able to install the apps you're trying to install. (2/2)^SU,product_content_request,FALSE,technical_issue,technical_issue,FALSE,"The user is asking for help with specific skill setup and configuration, which is a standard technical issue suitable for AI assistance."
930225,nunca llego mi pedido y no me contestan por ningún lado,"Hola, Aenima. Lamentamos que no hayas recibido aun tu pedido, ¿podrías por favor decirnos cuál era la fecha de entrega del mismo, la que aparece en tu e-mail de confirmación? ^CB",non_english,FALSE,order_not_received,order_not_received,TRUE,"Customer expresses frustration and lack of support contact, requiring human intervention to resolve the issue."
1178893,"Welcome! I dscovered just nw d sellr refers 2 d nmber I registered first in Sekhar Sen a/c, nw updatd.Said no 9088695804:shd hlp",Please don't provide your mobile number as we consider it personal information. Our twitter page is visible to public. (2/2)^SQ,account_access,FALSE,account_access,account_access,TRUE,"Intent 'account_access' involves account security or money, requires human review by policy."
2884218,email sent!,👍,follow_up_acknowledgment,FALSE,general_other,general_other,FALSE,The message is a brief status update with no request for assistance.
2823185,Merci c'est gentil :) Ma prochaine ouverture sera sûrement pendant la période de noël j'attends avec impatience d'ouvrir le coffret que j'ai commandé chez vous ^^,"Bon courage à vous, je vais vous suivre durant cette période :p",non_english,FALSE,non_english,non_english,FALSE,"The message is polite and expresses anticipation for a future event, requiring no immediate human intervention."
2573819,There’s no updates on my package from yesterday??? Mobile is only about 3 hours from me... so I’m confused on my package disappearance.,"We are here to help, Laurenn! Have you used that tracking number on the carrier's website to find out what is happening with this delivery or where it is currently? Or have you contacted them to investigate? Keep us updated on this delivery! ^FR",delivery_delay,FALSE,delivery_delay,delivery_delay,TRUE,"The customer expresses confusion and frustration regarding a missing package, which requires empathetic human handling to resolve delivery concerns."
1125011,Have changed their Prime delivery cut off times? Can’t even order an Amazon gift card to come tomorrow or Monday? 🤔,Due to high volumes during Black Friday / Cyber Monday you may be given extended delivery estimates during checkout however we will attempt to deliver parcels quicker if possible. You can find more information here: ^MI,prime_subscription,FALSE,prime_subscription,prime_subscription,FALSE,"The user is asking about Prime delivery times and gift card availability, which is a standard account inquiry suitable for AI handling."
2802332,shame on you amazon. In User I'd 8981165600 Name : Anushka Dey Being a paid prime member not received the product and by asking only refund option loosing 75 cash back Shame on you,We have responded to you here : . Please check. ^SD,customer_service_escalation,TRUE,order_not_received,order_not_received,TRUE,"Customer explicitly mentions being a paid Prime member and losing cashback, indicating high financial stakes and strong dissatisfaction requiring human intervention."
2898934,"Por no decir que te dan un tramo de 3 a 8, sin concretar más. Es decir, toda la tarde en tu casa te guste o no. A ver si dejáis de contratar sus servicios ya.","Comprendemos, con el fin de ayudarte de la mejor manera podrías confirmarnos ¿en este momento tienes algún pedido pendiente de entrega? De ser así, ¿cuál era la fecha de entrega indicada en el correo electrónico de confirmación de confirmación del pedido? ^MZ",non_english,FALSE,general_other,general_other,FALSE,"The message contains a complaint but does not involve safety issues, extreme anger, confusion, or high financial stakes requiring human intervention."
156706,"Yeah I have the email, It says ""expected by"" delivery date is the 27th, but if I check the order on the website it says arriving tomorrow 😅 I understand it's a busy weekend, I just need to know what day I need to stay home lol","I can see how this would be confusing, Robyn! You can expect to see your order by tomorrow. Keep us updated! ^JP",delivery_delay,FALSE,delivery_delay,delivery_delay,FALSE,The customer is calm and only needs clarification on the delivery date.
900903,"I apologize for language, but I've never had a bad experience with Amazon before, so I was taken back by his responses and attitude.","(1/2) I understand how hurt and frustrating this must feel. At the end of the chat, you should have been able to leave feedback.",customer_service_escalation,TRUE,non_english,non_english,FALSE,"The message contains an apology and a general positive sentiment, indicating the customer is not actually angry or upset."
2726765,"Tengo un pequeño problema, ya vi lo que paso, lo que pasa es que la tarjeta es nueva y no tengo un estado de cuenta aun que puedo hacer","Alejandro en ese caso te recomendamos contactar a nuestros compañeros de Servicio al Cliente, por favor ingresa en el siguiente enlace: ^HC",non_english,FALSE,payment_issue,payment_issue,FALSE,The customer is confused but the issue is low-stakes and can be resolved with standard account setup information.
1170215,Your customer service center is completely incapable. No one knows where my package is. I'm beyond aggravated,"Typically, late orders arrive the next day. Were we able to offer any options? Did we ask you to wait for more options? ^EP",delivery_delay,TRUE,delivery_delay,delivery_delay,TRUE,"The customer expresses extreme anger and frustration, which requires human empathy and intervention."
247018,"There is no correspondence in last 24 hrs, are you kidding me. This is just harassment of customer",Sorry for the delay. We're working on this. Kindly revert to our correspondence and we'll get back to you at the earliest. ^ST,customer_service_escalation,TRUE,customer_service_escalation,customer_service_escalation,TRUE,"Intent 'customer_service_escalation' involves account security or money, requires human review by policy."
2730268,customer service absolutely infuriates me!!!! 😩😞😤,That doesn't sound good Heidi. Sorry to hear it. Without providing personal info can you explain further what has happened? Thank you. ^NV,customer_service_escalation,TRUE,customer_service_escalation,customer_service_escalation,TRUE,"Intent 'customer_service_escalation' involves account security or money, requires human review by policy."
586912,grrrr trying to watch Vikings today on prime but it keeps saying band with to low. A load of b.s. everything else is running fine,I'm sorry for the trouble. Have you tried these troubleshooting steps: ^CO,product_content_request,FALSE,technical_issue,technical_issue,FALSE,The user is expressing frustration but the issue is a common technical problem that AI can troubleshoot.
1905605,Everything related to the following email id :- __email__,Please let us know what exactly went wrong and we'll get this sorted out. 2/2^MS,account_access,FALSE,"general_other? The message includes ""Everything related to the following email id :- __email__"". Not",general_other,FALSE,The message is a general reference with no explicit request or issue requiring human intervention.
230058,please upgrade servers. Amazonpay balance never gets updated in 15 mins. your customer care asks to wait for 2-4 hours. shabby!,Thank you for flagging this; I've noted your comments and forwarded them to the team internally for further review. ^AP,payment_issue,TRUE,payment_issue,payment_issue,TRUE,"The customer expresses significant frustration and threatens to leave, indicating a need for human empathy and resolution."
2634876,I'd be on my way to Manchester for the weekend if I'd been contacted in an acceptable time frame.,"I'm sorry your order was delayed, Alex! We strive to deliver your items by the estimated delivery date, however, delays can occur due to unforeseen circumstances. Please keep us updated on this delivery and let us know if it's not received by the revised date. ^TH",delivery_delay,TRUE,delivery_delay,delivery_delay,FALSE,"The message expresses frustration but does not contain explicit anger, confusion, or safety issues that require human intervention."
786130,When will I receive the product,Please don’t provide your order details as it is personal information. Our page is visible to the public.2/2^HN,delivery_delay,FALSE,delivery_delay,delivery_delay,FALSE,"The message is a straightforward inquiry about delivery timing without signs of anger, confusion, or high stakes."
274689,.....still awaiting reply worst service frm amazon thinking only for vendor n not abt customers..#badservice #worstservice,We have already responded you. Kindly check the same here: and respond to the correspondence for further assistance. ^JS,customer_service_escalation,FALSE,general_other,general_other,TRUE,Customer expresses strong anger and dissatisfaction.
1188608,Have started a refund. Just wanted some help with that. Have opted for Amazon pay by mistake. Please change that to Bank refund,Kindly reach our support team using the link provided earlier. We'll have it checked. ^GS,refund_return,FALSE,refund_return,refund_return,TRUE,"Intent 'refund_return' involves account security or money, requires human review by policy."
835160,"Order # 408-9746877-3993920 issues never resolve, money never comes back, cc executive don't provide proper resolution","Please don't provide your order details, we consider it to be personal information. Our page is visible to the public.(2/2) ^VR",customer_service_escalation,TRUE,refund_return,refund_return,TRUE,"Intent 'refund_return' involves account security or money, requires human review by policy."
936099,yo! Im having problems trying to confirm the settings for my traffic commute for my Amazon dot 😠.,I'm sorry for the trouble you're having! Are you receiving an error message? ^AC,general_other,FALSE,technical_issue,technical_issue,FALSE,The user's frustration is mild and the request is a straightforward technical inquiry.
28423,it's the South Park game on PS4 coming out next week. I actually am not sure I want it but I can't see its price or cancel it,I'd like a member of our team to look into this for you. Please provide your details here: ^RA,product_content_request,FALSE,general_other,general_other,FALSE,DE
2570414,Chose a business address to make sure I was in to accept the parcel and no one bothers to turn up despite using prime delivery,So sorry about this. Who is the courier delivering? Have you reached out to them for further insight? Let us know. ^AX,delivery_delay,TRUE,delivery_delay,delivery_delay,FALSE,"The message expresses frustration but does not contain extreme anger, confusion, high financial stakes, safety issues, or require a judgment call beyond the AI's capabilities."
463338,"Amazon India ORDER # 406-xxxxxx-xxx1166 Third Class Product I suggest to never Buy This Product, Very Very Bad Product... worth as purchased @ rs 125 As well As Amazon Customer Service (Phone Call) Mr. Sumit Has Very Bad Menar &amp; Valgar Talking With Me.","I’m sorry about this experience with your order. I’d like to look into this, please fill this form: and I’ll contact you at the earliest ^RW",damaged_or_wrong_item,TRUE,general_other,general_other,TRUE,"The customer is expressing extreme anger and using vulgar language, which requires human intervention to de-escalate and address the complaint appropriately."
2520549,"good god please don’t use to deliver my packages. Says delivered and they don’t know what to do, it’s not on the porch. has NEVER mistakenly delivered something to me. has multiple times.",Oh no! I'm sorry you haven't received your delivery! Have you had a chance to checkout these tips for finding missing packages: ^ML,order_not_received,TRUE,delivery_delay,delivery_delay,FALSE,"DECISION and the AI should respond accordingly. Given the context of the roleplay and the established pattern, I should continue the narrative in the same as the AI agent handling this is the support message.

The user is to continue to the user's intent and continue the story/narrative. Since"
38844,I signed up for Amazon Student Prime JUST IN TIME for school and Christmas.,Perfect timing! 😎 What benefit so you think you'll use most? ^JJ,prime_subscription,FALSE,prime_subscription,prime_subscription,FALSE,The message is a simple statement of timing with no expressed frustration or request for action.
1986954,"Hola . cuando en el pedido indicáis siendo premium ""Entrega garantizada día tal"" y luego no se hace, que sucede? Cómo compensais?","Lamento si ha habido un retraso, contáctanos por acá y lo revisamos contigo: ^AR",delivery_delay,FALSE,delivery_delay,delivery_delay,FALSE,"The customer is asking about policy details and compensation procedures, which can be handled by AI with standard responses."
513502,I called customer service who were wonderful. My delivery was botched 3 times in a row in about a weeks time. My order was accidentally returned because “the driver was new” but this past the point of ridiculous.,"This isn't the experience we want you to have. When you called us earlier, did we mention escalating the feedback regarding the driver? ^BH",delivery_delay,FALSE,delivery_delay,delivery_delay,TRUE,"Message contains strong frustration or repeated-contact language, flagged for human review."
542176,"Amazon’s delivery service, Flex. There were specific instructions on what to do with the package but it was left outside in a high traffic area, unsecured. Result? Package was taken. Never had any issues with UPS, FedEx, etc. I will find a company who uses these delivery teams.",Have you contacted us yet to notify of the issue? If not please click on the link: - Ben,order_not_received,TRUE,delivery_delay,delivery_delay,TRUE,"The customer explicitly states they will switch to a competitor, indicating high churn risk and strong dissatisfaction that requires human intervention to retain the account."
1709399,Many times,Could you provide more detail into what happened and what options we provided? Please don't post your e-mail or order #. ^AM,customer_service_escalation,TRUE,general_other,general_other,FALSE,The message is a fragment with no clear request or issue requiring human intervention.
2779131,I’ll tell you what I think about this photo :- READ MY DELIVERY INSTRUCTUONS! I SAID TO LEAVE THE PARCEL OUT OF SIGHT BEHIND THE BIN. I DID NOT SAY DUMP IT IN FRONT OF THE DOOR!!!!!!!!!,"I can see why you'd be frustrated, Jay! We'd like to get your courier feedback submitted! Please reach us via phone or chat so we can do so: ^CS",delivery_delay,FALSE,delivery_delay,delivery_delay,TRUE,"The message contains intense anger and profanity, which requires human empathy to de-escalate."
2866039,nothing :( only email i got is when the seller said he shipped the item,I'm sorry you've not received an update. Does the carrier's website offer any insight to the delay? Have you tried contacting the seller for an update? Here's how: Please keep us posted. ^KL,customer_service_escalation,TRUE,delivery_delay,delivery_delay,FALSE,"The message is a simple status update with no expressed anger, confusion, or high financial stakes."
2025582,The only option is to make a note on my account which they have done several times in the past already,Our team would like to look into this. Please provide details here: ^JP,customer_service_escalation,TRUE,account_access,account_access,TRUE,"Intent 'account_access' involves account security or money, requires human review by policy."
445627,Never had a problem with in my life but woke up to the news that they just double charged me for my order isn't great. Then called their customer service and the guy is trying to say its a service charge? Nu uh honey!,"Hello, could you please confirm: are there two exact same charges for the same amount on your statement? ^BD",payment_issue,TRUE,payment_issue,payment_issue,TRUE,"Customer expresses strong anger and distrust, requiring human empathy to de-escalate."
2488453,"Do you not keep records of customer conversations?? Look through my notes you’ll see exactly what was said , then you can brush it under the mat as per usual .......",We do not have account information over Twitter! Please contact us directly using this link so we can further assist you: ^MW,customer_service_escalation,TRUE,customer_service_escalation,customer_service_escalation,TRUE,"Intent 'customer_service_escalation' involves account security or money, requires human review by policy."
529949,"J’ai commandé un pack PS4 pendant le Black Friday, mais tout était séparé et mes colis sont en retards. Pourriez-vous m’aider ?","Bonjour, Je suis désolé pour cela. Que dit le suivi de votre colis? ^YL",delivery_delay,FALSE,delivery_delay,delivery_delay,FALSE,"The customer is asking for help with a delivery delay, which is a standard issue an AI can address without human intervention."
1209072,hi I'm having a problem getting money refunded to me from amazon. I cancelled an order and was told I wouldn't be charged but was,"Hi, sorry to hear that. What were you advised when you contacted us? ^JJ",refund_return,TRUE,refund_return,refund_return,TRUE,"Intent 'refund_return' involves account security or money, requires human review by policy."
1484002,Hola! Quiero comprar COD WW2 pero quiero saber si me lo entregan mañana mismo (tengo Prime) o tardan más en enviarlo,Hola Miguel.Antes de finalizar el pedido se te indica la fecha de entrega.Recuerda que el juego sale a la venta hasta mañana. ^JJ,non_english,FALSE,delivery_delay,delivery_delay,FALSE,"The customer is asking about delivery timing and Prime eligibility, which is a routine inquiry suitable for AI handling."
2514436,Unter gesende Nachrichten hab ich keine Anfrage auf Erstattung drin... Gibt's da eine Kontakt Email an die ich mich wenden kann?,Du kannst unseren Kundenservice hier erreichen: Ganz lieber Gruß ^TG,non_english,FALSE,non_english,non_english,FALSE,"The user is asking for a contact email, which is a simple request that AI can handle without human intervention."
2551077,"I wanna leave and go do photo stuff but i can't because the new lens I ordered is still out for delivery. Help me -kenobi, you're my only hope","We are no Jedi, but may the Force be with you! 😁 ^KB",delivery_delay,FALSE,delivery_delay,delivery_delay,FALSE,The message contains humor and a pop culture reference rather than genuine distress or urgent issues.
1449031,Amazon Logistics 😉,You can get in contact with Amazon Logistics here: ^JQ,general_other,FALSE,general_other,general_other,FALSE,The message is a brief greeting with no request or issue requiring human intervention.
2800396,Amazon y la paqueteria tmb de Amazon,"CM, ¿cuál fue la respuesta por parte de nuestros colegas de Servicio al Cliente? ^LC",general_other,FALSE,non_english,non_english,FALSE,"The message is short and non-English, but does not contain explicit anger, confusion, or high-stakes requests that require human intervention."
884882,Do you know if it’s being worked on please?,"(2/3) Photos team: and click the ""triangle"" button next to your name.",general_other,FALSE,delivery_delay,delivery_delay,FALSE,"The message is a simple inquiry about status and does not contain anger, confusion, or high-stakes issues."
2569173,you all in Philly today?,"I'm sorry, we don't have info on future Treasure Truck deals. Texts/notifications will be sent when deals are avail. ^AN",product_content_request,FALSE,general_other,general_other,FALSE,The message is a casual greeting with no sensitive or complex issues.
968024,9558817746 __email__ check my problem and do thing right,"Sorry, we would not be able to check the account details via Twitter. Could you let us know what went wrong? ^KA",account_access,FALSE,general_other,general_other,FALSE,"The message is a brief request with no signs of anger, confusion, or high stakes."
2736223,Do I really need to open a new account to answer that question?,"My apologies, Laura. You can contact us via phone using the following link without having to log in: ^KL",account_access,FALSE,account_access,account_access,TRUE,"Intent 'account_access' involves account security or money, requires human review by policy."
1173012,Well an item was out for delivery twice in a day &amp; within 3 min. of 2nd delivery attempt it was refused! Check the screenshot,Sorry to know about the issue with delivery. Kindly fill your details here: I'll look into it. ^NR 1/2,delivery_delay,TRUE,delivery_delay,delivery_delay,FALSE,"The message expresses frustration but lacks safety risks, extreme financial stakes, or confusion requiring human intervention."
1775024,Delivery was set for today now it’s the 8-9,Please let us know if your order misses the updated delivery window. ^FJ,delivery_delay,FALSE,delivery_delay,delivery_delay,FALSE,The message is a brief status update with no expressed emotion or complex request.
386495,"I ordered a pair of pillow covers on 7th Oct, the order was eligible for prime, yet it's being delivered 6 days after.","I get your concern. Estimated delivery date is calculated based on various factors like availability of the product, ^VN(1/2)",delivery_delay,FALSE,delivery_delay,delivery_delay,FALSE,"The customer expresses mild frustration about a delivery delay but does not exhibit anger, confusion, or safety concerns, and the issue can be resolved with standard policy checks."
180758,why the fuck is it so had to deactivate an Amazon account down. 10 times of got the same fucking mail saying the same shit,Kindly fill in your details here: we'll get back to you soon. (2/2)^AP,customer_service_escalation,TRUE,account_access,account_access,TRUE,"Intent 'account_access' involves account security or money, requires human review by policy."
2590249,iPhone 6 iOS 11.1.1,Prime video does not have a mute option. You can control the volume using the volume buttons on the side of your phone. ^TN,product_content_request,FALSE,technical_issue,technical_issue,FALSE,The message contains only a device and OS specification with no emotional language or complex request.
1085983,there is nothing about not finding the wifi it isnt even picking up any wifi,I'm sorry for the trouble! Are you able to connect any other devices to your WiFi like a phone or computer? Keep us posted! ^SD,general_other,FALSE,technical_issue,technical_issue,FALSE,"The message describes a technical issue without anger, confusion, or high stakes, making it suitable for AI resolution."
1100540,"Yes, I got an email minutes after the phonecall. It also said ""Please allow up to 24hrs to investigate this"". I want someone to speak to me as promised to give me an update!","I certainly understand how frustrating the wait is. I know you've already called us before, but if you don't receive a follow-up, we can be reached any time here: I hope you'll give us another chance to make this right. ^DW",customer_service_escalation,TRUE,follow_up_acknowledgment,follow_up_acknowledgment,FALSE,"The customer is acknowledging receipt of communication and requesting a promised update, which is a standard follow-up that AI can manage."
2320211,"yay - amazon geht wieder. aber bitte, wie bestell ich jetzt PSN-Gutscheine ohne gleich wieder ne Sperre zu verursachen ? 😀","Ohne Einblick in dein Kundenkonto können wir da nur Vermutungen anstellen. Melde dich am besten einfach über den vorherigen Link, dann können wir das prüfen. ^MS",account_access,TRUE,payment_issue,payment_issue,FALSE,"The user is expressing relief and asking a straightforward question about purchasing PSN gift cards, which does not involve anger, confusion, or high financial risk."
160278,I haven't been on your website in months. I don't have a prime membership atm.,"We would like to look into this with you. When you get a moment, can you contact us: ^DY",prime_subscription,FALSE,prime_subscription,prime_subscription,FALSE,"The message is a simple statement of intent regarding a subscription and contains no signs of anger, confusion, or high-stakes issues."
1340685,Solo estoy esperando que me entregue el Super Mario Odyssey para empezar a jugar 🙊,"Hola Pato, ¿quál es la fecha estimada de entrega de tu pedido? ^LG",delivery_delay,FALSE,delivery_delay,delivery_delay,FALSE,"The message is a casual, low-stakes comment about a delivery delay with no signs of anger, confusion, or safety concerns."
2924556,Yes you miss the date!!,"I'm so sorry that your haven't received your package yet! Have we provided a new estimated delivery date? Also, which carrier was assigned to deliver your order? You can check here: ^TN",delivery_delay,FALSE,delivery_delay,delivery_delay,FALSE,"The message is a brief statement of fact regarding a missed date, lacking indicators of anger, confusion, or high stakes that would require human intervention."
1325566,gibt es bei euch Lieferschwierigkeiten? Meine per Premiumversand bestellte Ware ist noch nicht angekommen,Was wurde dir denn für ein Lieferdatum in der Bestellbestätigung genannt? ^MS,non_english,FALSE,delivery_delay,delivery_delay,FALSE,The customer is asking about delivery status in a neutral tone without expressing anger or urgency.
1245919,When you're well into your THIRD hour of waiting for your food order...,I'm so sorry! Are you able to tell where your order is? You can track your Primenow order here: ^RM,delivery_delay,FALSE,delivery_delay,delivery_delay,FALSE,"The message expresses frustration but does not indicate safety issues, high financial stakes, or confusion requiring human intervention."
2814482,"Why do I even have Prime if 75% of the time things are late? Last time I complained I was told I had ""too many"" Prime credits.",I'm very sorry for the recent delivery issues. Please reach out to us directly so we can leave carrier feedback on your behalf and look over any available options with you: ^CL,delivery_delay,TRUE,prime_subscription,prime_subscription,TRUE,Customer expresses anger and confusion regarding service quality and previous support interactions.
1129816,". I had ordered 's buk on 5th of ths mnth nd was suppse 2 reciv it btw 17-20, bt pstpned. :( Dwali readn thril killd",I'm sorry about the delivery delay. Did you receive an email about the delivery extension? ^HA,delivery_delay,TRUE,delivery_delay,delivery_delay,FALSE,The customer expresses mild frustration but the intent is clearly delivery-related and resolvable by AI.
2390490,The only option I've been given is to wait 24 hours.I've had problems with Amazon Logistics ever since they took over in this area.Never had this problem with . I'm constantly being made to feel like I'm lying because your drivers mark items as delivered when they are not,Sorry to her that Vincent- was there an investigation raised or were you just told to contact us back within the 24 hours? Were you advised that we will raise this directly with Amazon Logistics? ^MA,order_not_received,TRUE,delivery_delay,delivery_delay,TRUE,"The customer expresses strong anger and frustration regarding repeated delivery issues and feeling accused of lying, which requires human empathy and resolution."
2921367,NO!,"I am very sorry to hear this John. Can I ask, what is the current status of the tracking please? You can find this info here:",general_other,FALSE,non_english,non_english,FALSE,"The message is a single word expressing frustration, but it does not contain enough context to indicate safety issues, high financial stakes, or confusion requiring human intervention."
508208,Are you able to tell me when Star Wars rebels season 4 will be available to watch please?,I'm sorry but we don't have any insight into future availability. Please keep checking back! ^CS,product_content_request,FALSE,general_other,general_other,FALSE,"The request is a straightforward information query with no signs of anger, confusion, or high stakes."
2628796,Third order placed for an item. Says it should be here tonight but hasn't shipped yet.,Thanks for reaching out to us! To better assist you could you let us know when the order was placed? What was shipping speed selected at checkout and delivery date provided? ^AZ,delivery_delay,TRUE,delivery_delay,delivery_delay,FALSE,"The message is a straightforward status inquiry with no signs of anger, confusion, or high stakes."
2170921,"tenemos un problema con un pedido. Llegó roto, pedimos devolución. Nunca vinieron a buscarlo, ahora nos cargan el importe del producto de nuevo. Por favor contactar, gracias",Me apena mucho esta situación. Por favor reporta lo sucedido aquí ^VL,damaged_or_wrong_item,TRUE,damaged_or_wrong_item,damaged_or_wrong_item,TRUE,"The customer reports a financial dispute involving a double charge for a damaged item and failed pickup, which requires human intervention to resolve billing and logistics."
426974,very poor servce u hv provided 2 times i did not get my delvry of order both times. {1},Please don’t provide your order details as we consider them to be personal info. Our Twitter page is visible to public. ^JC,delivery_delay,TRUE,delivery_delay,delivery_delay,TRUE,"The customer expresses significant frustration and repeated failed deliveries, which requires empathetic handling beyond automated capabilities."
1043151,Still waiting to hear back from you on this,Sorry to hear that. We'll be happy to look into that for you. Please reach out to us here: ^RS,customer_service_escalation,TRUE,follow_up_acknowledgment,follow_up_acknowledgment,FALSE,"The message is a standard follow-up with no signs of anger, confusion, or high stakes."
1623642,Im on live chat. ive been on it that many times this past few weeks I have it bookmarked.,Please let us know how things go. Thank you for the update! ^DO,follow_up_acknowledgment,FALSE,follow_up_acknowledgment,follow_up_acknowledgment,FALSE,The message is a casual acknowledgment with no urgent or complex issues.
158828,im not satisfy with your pooor service. service so late delivery im not tracking where is my shipment i was ordered 15 days ago and already paid amount. im checking on your website delivery expected 21 of November today is 23 November where is my shipment ???,Apologies for the delay. Has this been reported to our support team yet? You may connect with the support team from here and they would investigate and help. ^KK,delivery_delay,TRUE,delivery_delay,delivery_delay,TRUE,Customer expresses significant anger and frustration regarding a delayed delivery and non-receipt of a paid order.
631658,"I was charged for an amazon prime account I didn’t want, I cancelled my account awhile ago and they refuse to give me a refund","We'd like to see what options are available. Please use the ""skip sign in"" and provide info here: ^MG",prime_subscription,TRUE,payment_issue,payment_issue,TRUE,"The customer mentions a cancelled subscription and a refund dispute, which involves high financial stakes and potential confusion about billing history."
1769131,So I was waiting on a call from chat regarding a £1.00 that U stole from my account that is pending after a purchase. I just found out you did this to my husband also without notification this is theft. U take 3-5 days to refund then gain interest.😠,"What you're seeing is just an authorisation. When an order is placed, Amazon's payment system contacts your card's bank to confirm a few things. Each bank holds authorisations for a different period. You can contact your bank to get this specific information. ^VB",payment_issue,TRUE,payment_issue,payment_issue,TRUE,"The customer explicitly accuses the company of theft and expresses high anger, which requires human empathy and judgment."
2840250,I do not know who the carrier is. I shouldn't have to contact them when it's your carrier that has lied. I have checked the mailbox for a card etc.,"We're not able to view your order via Twitter but we'd like to look into this with you, Carrie! Please ring us or contact by chat here: ^AB",order_not_received,TRUE,delivery_delay,delivery_delay,TRUE,"The customer expresses strong anger and frustration regarding carrier dishonesty, which requires human empathy and resolution."
802989,"Shut your office #AmazonIndia , You are cheater.","Please share the required details, here: (2/2)^YP",customer_service_escalation,TRUE,general_other,general_other,TRUE,"The message contains profanity and an accusation of cheating, which requires human empathy and judgment to de-escalate."
2153959,Me encanta amazon ya he hecho muchos pedidos sin problemas sigan así,"¡Hola, Juan! agradecemos mucho tu comentario. Esperamos que sigas recibiendo muchos pedidos y que disfrutes mucho tus productos. 😍😃🎉 ^AA",non_english,FALSE,non_english,non_english,FALSE,The message is positive feedback in Spanish and does not contain any of the specified escalation triggers.
1665725,See the last update and the estimated dates.,"I understand you're upset about the delay, which is a very rare scenario. If you've already 1/2 ^SK",delivery_delay,FALSE,delivery_delay,delivery_delay,FALSE,"The message is a simple request for status information and does not contain expressions of anger, confusion, or high-stakes issues."
286825,lemme try reinstalling firmware first. we'll see if it works.,Okay! Please keep us updated on the outcome! ^NM,technical_issue,FALSE,technical_issue,technical_issue,FALSE,"The user is providing a troubleshooting step and awaiting results, which is a standard technical interaction suitable for AI handling."
425455,The same line you are coping and pasting since yesterday you guys don't have any tat.,Apologies for the inconvenience. Please revert to our correspondence using the link provided earlier. We've also sent (1/2) ^ST,customer_service_escalation,TRUE,general_other,general_other,FALSE,"The message contains a typo and appears to be a frustrated comment, but does not involve safety, high financial stakes, or require complex decision-making."
599005,"very poor customer service, courier blatantly lied about trying to deliver then call centre tries to fob you off #poorcustomerservice","I'm so sorry to hear about the poor experience, Sian! We'd love to help! Without providing account and personal information, could you tell us more about the issue at hand? ^VB",delivery_delay,TRUE,general_other,general_other,TRUE,"The message contains explicit anger and frustration regarding poor service, which requires human empathy and resolution."
392148,"Vale, gracias. :)",Con mucho gusto. Estamos para ayudarte en lo que necesites. ^HC,follow_up_acknowledgment,FALSE,non_english,non_english,FALSE,"The message is a brief, positive sign-off with no request for assistance."
1068506,"J'ai déjà réglé le problème avec votre SAV hier, mon colis se serait ""perdu"" dans la livraison",Ravie que le souci soit enfin résolu. N'hésitez pas à nous contacter en cas de besoin. ^MD,order_not_received,FALSE,delivery_delay,delivery_delay,FALSE,"The customer confirms the issue was already resolved and only needs status clarification, which AI can handle without escalation."
358872,"didn't deliver Amazon 403-6348377-5405953 , but showing 'item delivered' 25th sept. Complied, no solution, Unprof. FedEx.",Sorry about the incorrect update. Please report that here: and we'll sort this out. ^MS,order_not_received,TRUE,delivery_delay,delivery_delay,TRUE,"The customer explicitly used unprofessional language and expressed frustration, indicating a need for human empathy and resolution."
2627606,Oui j’ai eu un entretien avec une personne qui a prit en charge mon suivi.,"C'est noté, notre SAV ne manquera pas de faire le nécessaire afin que vous receviez votre colis et revenir vers vous, je vous prie encore une fois de nous excuser pour la gêne occasionnée. ^KE",follow_up_acknowledgment,FALSE,non_english,non_english,FALSE,"The message is in French and does not contain anger, confusion, high financial stakes, or safety issues."
2672264,Kindly conform in the tweet whether JioFi 4 is real or fake? I just require answer in - real / fake?,All items sold on our marketplace is genuine and authentic . Hope it helps (2/2) ^CB,product_content_request,FALSE,general_other,general_other,FALSE,"The request is a simple factual query that does not involve anger, confusion, financial stakes, or safety issues."
2286789,- To get the delivery on priority I opt for prime membership but I am not even getting the delivery post time suggested by app. Please suggest fir the below tracking ID 134116547293 622280688183,Prime members will still receive free standard delivery on purchase of Prime eligible items that do not qualify for 3/4 ^RS,delivery_delay,TRUE,delivery_delay,delivery_delay,FALSE,"The customer is reporting a delivery delay and requesting assistance with tracking, which is a routine issue suitable for AI resolution."
2176586,"Hi, sold by Izilla...",Have you tried e-mailing the seller to let them know? You can do so by going to the product under your orders and clicking on their name in blue. ^MH,product_content_request,FALSE,general_other,general_other,FALSE,"The message is incomplete and lacks context, but does not contain anger, confusion, high financial stakes, or safety issues."
1137250,Asking me to send a fax in this electronic tech age,"We're sorry for the trouble, however the information needs to be shared with our account specialist team (1/2) ^GS",account_access,TRUE,general_other,general_other,FALSE,"The message expresses frustration but does not involve safety, high financial stakes, or require human judgment."
2154105,"Très bien, excusez moi pour le dérangement. Merci et bonne soirée ;)","Je vous en prie, très bonne fin de journée. ^ASZ",follow_up_acknowledgment,FALSE,non_english,non_english,FALSE,The message is polite and contains no urgent or complex issues requiring human intervention.
335728,Really disappointed with the service unusable constant buffering couldnt watch the last 10 mins of the film wouldnt play,I'm sorry to hear about the trouble! We'd like to help. Which device are you using to access Amazon Video? ^HC,technical_issue,TRUE,technical_issue,technical_issue,FALSE,The customer is expressing frustration but the issue is a standard technical problem suitable for AI resolution.
1495262,Aye that’s the price I originally thought I was paying now it’s £45.99 I paid,"Hey, can you reach out to us here: so we can help ^AS",payment_issue,TRUE,payment_issue,payment_issue,FALSE,"The customer is expressing confusion about pricing but the message lacks anger, safety concerns, or high financial stakes requiring human intervention."
19144,canceld-reordered a Philips desk lamp(all in transit from Del-Che)thrice as the rate went down each time..ur cus sup was unbelievably co-op,"You're most welcome. Do keep us posted for any further assistance, we'd be glad to help. ^EM",product_content_request,FALSE,general_other,general_other,FALSE,The customer expresses mild frustration but the message is primarily informational and does not meet the criteria for escalation.
2261782,"I have shared the information several times for no use. After 6 yrs of good experience, I now found limitations of #Amazon &amp; reason to go for other e-commerce sites.","I get your disappointment. We'd like to work on your issue right away. If you've shared the details in the above link, we'll look into it and get back to you soon. ^MO",customer_service_escalation,TRUE,general_other,general_other,FALSE,"The message expresses frustration but does not involve high financial stakes, safety issues, or confusion that requires human intervention."
780356,my guh got me an Amazon Echo for my bday. pretty dope #amazonecho #Alexa,Happy (perhaps belated?) Birthday! :) ^NV,general_other,FALSE,general_other,general_other,FALSE,"The message is a positive, casual comment with no signs of anger, confusion, or safety issues."
254654,Superb service brought down my pathetic courier like ecom. Fake tracking info just to clear backlog order ID 406-9943208-5906764,"Sorry about that. Kindly connect with us here: and we'll look into it. Also, please don't provide.^PB (1/2)",delivery_delay,TRUE,delivery_delay,delivery_delay,TRUE,"Customer uses strong profanity and expresses high frustration, requiring human empathy to de-escalate."
2389765,poor quality products sell by Amazon seller and we cant return bcz they only replacement. is it good? Then why anyone purchase poor products that we can't return. Plz consider only flipkart they are genuine. I uninstall the amazon app right now. &amp; Its my last purchase.,I'm sorry for the problem with your recent order. This isn't the experience we want our customers to have. Kindly report it to our support team here: we'll look into it and help you. ^AP,damaged_or_wrong_item,TRUE,damaged_or_wrong_item,damaged_or_wrong_item,TRUE,"The customer expresses strong anger and threatens to uninstall the app, indicating a high risk of churn and emotional distress that requires human empathy."
1300630,Dealing with Customer Service is like dealing with insane people at an asylum. Ugh....,Hey McKayla! I'm sorry for the frustrating situation. We'd like to help! Can you let us know more about what happened! ^AJ,customer_service_escalation,TRUE,general_other,general_other,FALSE,"The message expresses frustration but does not contain actionable requests, safety concerns, or high-stakes issues requiring human intervention."
1474143,just watched the driver on his phone reach over my fence drop my package and leave.Glad to see my package cared 4,Oh my! I'm so sorry to hear this! Have you had a chance to look into the package to see if the contents were OK? Keep us posted!^FR,delivery_delay,FALSE,delivery_delay,delivery_delay,TRUE,The customer expresses strong anger and frustration over the driver's behavior.
1553071,kindly process my refund.product reached to u.nw do refund as soon as possible. kindly do needful plz..😁😅🙏🙏,You will receive a confirmation email once the refund is processed. Kindly wait. Appreciate your patience. ^PS,refund_return,FALSE,refund_return,refund_return,TRUE,"Intent 'refund_return' involves account security or money, requires human review by policy."
225015,status : Preparing for Dispatch Order# 171-0833948-8110754 ... #Patheticamazon,"Please don't provide your order details, as we consider it to be personal information. Our Twitter page is public.​ (2/2) ^KN",delivery_delay,FALSE,delivery_delay,delivery_delay,TRUE,"The message contains explicit anger and profanity, which requires human empathy to de-escalate."
1838550,where's my Gran Turismo steelbook? You sold me something and then haven't got it? Very annoying. #GranTurismo,Hi - have we advised that you will not receive an order as promised ? ^TD,order_not_received,TRUE,order_not_received,order_not_received,TRUE,Customer expresses anger and frustration over a missing high-value item.
302622,Oh gee thank you I didnt know that with my purchase I also got a package beating for free! (Sarcasm ),I'm sorry your package arrived in this condition! Can you tell us if anything was damaged? ^EZ,damaged_or_wrong_item,FALSE,general_other,general_other,FALSE,The message is clearly sarcastic and not a genuine request for support.
876249,Que sonho! poderei ler na minha piscina e na minha banheira!,"Agora pode levar suas histórias onde quiser, Dri 🤗. Nosso Boxy já está prontinho também 😌 ^LG",general_other,FALSE,general_other,general_other,FALSE,"The message is enthusiastic and contains no safety, financial, or conflict-related concerns."
726384,Have filled it up,Thanks for filling the details. We'll get back to you as soon as possible. ^HS,follow_up_acknowledgment,FALSE,general_other,general_other,FALSE,"The message is a brief statement with no clear request, complaint, or safety concern."
2682653,Give resolution in open forum,"Twitter being a social platform, we will not get access to the account details. Request you to kindly share the details through the secured link provided above and we will be sure to assist. ^PR",account_access,TRUE,customer_service_escalation,customer_service_escalation,TRUE,"Intent 'customer_service_escalation' involves account security or money, requires human review by policy."
75830,The keypad on my Kindle fire has disappeared. The whole thing seems locked. Anyone out there who can advise?,"I'll be happy to help with this! To confirm, have you had a chance to try a full restart? Many issues with your Kindle can be solved by restarting your device: Please keep us posted! ^SD",technical_issue,FALSE,technical_issue,technical_issue,FALSE,"The user is asking for general advice on a technical issue, which an AI can address without requiring human intervention."
1208364,"I left specific instructions for my delivery, Item was not received and it says delivered. Order# 114-6470303-3753861",Hello- Was tracking provided? Does it advise where it has been delivered? ^NV,order_not_received,TRUE,order_not_received,order_not_received,FALSE,"The customer is reporting a delivery discrepancy, which is a standard operational issue suitable for AI resolution."
350334,"I contacted multiple times, but issue not resolved. There is no point of contacting again. Will register a complaint in consumer court.",I'm sorry for the hassle. Please drop in your details here: We will sort this for you. ^SB,customer_service_escalation,TRUE,customer,unparseable,TRUE,"Message contains strong frustration or repeated-contact language, flagged for human review."
1972800,"Super, danke.",Gerne! 😊 Viel Spaß beim Anschauen und noch einen schönen Sonntag! ^VM,follow_up_acknowledgment,FALSE,non_english,non_english,FALSE,"The message is a brief, positive acknowledgment in German with no signs of distress or complex issues."
69696,CALLED UP UR CUSTOMER CARE CHECK STATUS. ASKED THEM TO CONFIRM OVER MAIL AND THEY HANG UP. WHAT A CUSTOMER SERVICE TEAM YOU GUYS HAVE #AmazonFraud #AmazonFails #AmazonPay #AmazonPayQuiz PS: is this why Amit Agarwal is not on twitter #whereisamazonindiamd,I'm sorry for the experience. We've received your details and are working on the concern. We'll reach out to you soon. ^AP,customer_service_escalation,TRUE,customer_service_escalation,customer_service_escalation,TRUE,"Intent 'customer_service_escalation' involves account security or money, requires human review by policy."
421198,Another failed attempt st delivery and the number given by you of the agent incorrect. Problems still oresists! Shameful,Kindly revert to our email correspondence with further query on this and we'll be happy to take it over from there. ^AB,delivery_delay,TRUE,delivery_delay,delivery_delay,TRUE,The customer expresses significant anger and frustration with the service.
109782,"Probably going to cancel my prime account. Their ""couriers"" aren't reliable and some sellers don't even ship products out. (Still waiting for a sweater I ordered a month ago) Going back to brick and mortar stores.",I'm sorry to hear about this issue with your order. Who is the carrier you've had issues with? Was the sweater shipped and sold by Amazon or Third-Party Seller? ^DO,delivery_delay,TRUE,prime_subscription,prime_subscription,TRUE,"Customer expresses strong anger and frustration regarding service reliability and financial loss, which requires empathetic human intervention."
284302,Le premier sera livré chez moi avant 22h. Le second sera livré « avant 20h » sur mon lieu de travail. Je pars en week-end à 17h...,"J'en suis navrée, je vous prie de le signaler dans ce cas-là à notre SAV afin d'y remédier via: ^KE",delivery_delay,TRUE,delivery_delay,delivery_delay,FALSE,"The customer is providing delivery timing details and constraints, which is a straightforward informational update suitable for AI processing."
2687659,"Yep, registered the order as a cash on delivery order. Can we use other modes or even Amazon pay?","I get your concern, Pranjal. Please reach us from here: we'll check this and assist you. ^SV",payment_issue,FALSE,payment_issue,payment_issue,FALSE,"The message is a routine payment inquiry without signs of anger, confusion, or high financial stakes."
1850724,"171-1160403-7103521.paid for smthing,read reviews for smthing.Product sent was Some other thing...What the hell?",This sounds as much confusing to me too. We'd like to have a look. Kindly report it here: 1/2 ^AB,damaged_or_wrong_item,TRUE,damaged_or_wrong_item,damaged_or_wrong_item,TRUE,Customer expresses strong anger and confusion about receiving the wrong item.
1219352,"I placed an order &amp; my email conf said my order would be delivered tomorrow, now i get a text saying Tues. Need tomorrow. Help",I'm sorry for the change! We can be reached 24/7 via phone here: to look into this. ^EP,delivery_delay,TRUE,delivery_delay,delivery_delay,FALSE,"The customer is expressing a scheduling conflict regarding delivery timing, which can be resolved by the AI updating the delivery date."
2830696,Team - This must be hand to hand delivery after followup you are still saying that I should wait until ESD please priorities the same and delivered tomorrow,Replacement products can only be shipped once the original orders are received by our warehouse. We will not be able to provide you with hand to hand replacement. ^VH,delivery_delay,TRUE,delivery_delay,delivery_delay,FALSE,"The message contains delivery instructions and frustration, but lacks explicit anger, safety risks, or high financial stakes requiring human intervention."
1737126,Always helping the seller and not the customer who are cheated by this type of fraud seller.,"I understand you're upset. I'd like to check this, contact us here: &amp; I'll get back to you. ^SY",customer_service_escalation,TRUE,general_other,general_other,TRUE,"Message contains strong anger and accusations of fraud, requiring human empathy and intervention."
420450,Which link you are referring here? Why can't someone from your end just pick up the phone and speak with me?,We'll not be able to view your details via twitter. Fill in your details here: for assistance.^MM,customer_service_escalation,TRUE,account_access,account_access,TRUE,"Intent 'account_access' involves account security or money, requires human review by policy."
2986494,My subscription changed from Amazon Pay Balance to Cash on Delivery. Talked to ur customer care several times but no support. Hv u started new business of earning interest on Customer's money lying in Pay Balance,"We're extremely sorry for the hassle. Please fill this form: and we'll have a closer look at your concern. Once you do the needful, our team will get back to you with an update soon.^AR",payment_issue,TRUE,payment_issue,payment_issue,TRUE,"The customer reports a subscription change with no resolution after multiple attempts and raises a concern about financial interest on held funds, indicating high financial stakes and unresolved frustration."
679885,But as I've experienced that u escalate customer's request for faster delivery and make this possible. So i also want you to escalate my request to concerned officials. Please,"I get your concern with the delivery but I am afraid it doesn't work that way as the delivery estimates are calculated on multiple criteria's, please wait till the end of the estimated delivery date. Thank you for your understanding.^AR",delivery_delay,TRUE,delivery_delay,delivery_delay,FALSE,"The user is requesting escalation to officials but does not express anger, confusion, or safety concerns, making it suitable for AI processing."
478638,"Thank you because of your communication gap between your own executives and miscommunication between you and your courier service, I had to tell a friend ""sorry your product wont be delivered as per Amazon's promise"" Sorry I ordered via #Amazon #AmazonIndia","We'd like to help you with this, could you please confirm if you've sent us your details using the link provided here: ^AM",delivery_delay,TRUE,delivery_delay,delivery_delay,FALSE,"The message expresses frustration but does not contain explicit threats, safety concerns, or requests for complex financial resolution that require human intervention."
349918,So you don’t get any additional free books on audible if you’re a Prime member? Sure I read it somewhere...,"No they are separate, the link sent above has a list of Prime benefits for the UK. ^JJ",prime_subscription,FALSE,prime_subscription,prime_subscription,FALSE,"The message is a casual inquiry with no signs of anger, confusion, or high financial stakes."
1470763,When you depend on your order to arrive on time....and it doesn't. 😩😐,"Terribly sorry about that Natalie! When was the promised delivery date, and who was supposed to make the delivery? ^JD",delivery_delay,FALSE,delivery_delay,delivery_delay,FALSE,"The message expresses mild frustration but lacks anger, confusion, or high financial stakes."
985062,I wrote yesterday about being able to drop in on other Echoes from my mobile without people accepting the call or being told,"HI, please contact us here for support: ^AT",technical_issue,TRUE,technical_issue,technical_issue,FALSE,The message describes a technical issue with a specific feature that can be addressed through standard troubleshooting steps.
284027,"dele caiu muito, não tenho informações da transportadora e nem um sinal de vida dele",(2/2) enviar uma solicitação da Garantia de A a Z. Mais detalhes aqui: ^LG,order_not_received,FALSE,delivery_delay,delivery_delay,FALSE,"The message expresses frustration but lacks high financial stakes, safety issues, or complex confusion requiring human intervention."
381720,there is no option on that to return . so we got refund but why 416 instead of 490 ????,I’d like to help you; please fill this form: and I’ll contact you soon. ^SY,refund_return,TRUE,refund_return,refund_return,TRUE,"Intent 'refund_return' involves account security or money, requires human review by policy."
387150,Pls tell me why nothing has changed... has your algo gone for a toss??,The issue has been escalated internally. We're working on it. ^CB,customer_service_escalation,TRUE,general_other,general_other,TRUE,"The message contains strong anger and frustration, which requires human empathy to de-escalate."
1521808,Why use Amazon Logistics to ship your Prime packages if they're never on time? Doesn't that defeat the purpose of prime?,"I'm sorry for the poor experience. I want to escalate this for you, please send us more info here: ^DW",delivery_delay,TRUE,prime_subscription,prime_subscription,FALSE,"The message expresses frustration but does not involve safety, high financial stakes, or confusion requiring human intervention."
18697,U kindly refund the amount back .. I have sent back the product and I demand a refund for the same .never had such dissaponments wit amazon,We've emailed a correspondence to you. Kindly check it here: &amp; reply to it for further assistance.^SF,refund_return,TRUE,refund_return,refund_return,TRUE,"Intent 'refund_return' involves account security or money, requires human review by policy."
153683,"Plus ou moins, la présentation est un peu ""passée"" du coup, mais je vais faire avec .. #Prime pourtant :(",L'avez-vous signalé à notre SAV je vous prie ? ^MA,prime_subscription,FALSE,general_other,general_other,FALSE,The message expresses mild dissatisfaction but is not urgent or hostile.
1733068,"No hay fecha de entrega prevista, en su web sólo me dejan elegir como muy pronto mañana y como punto de entrega.. SUS instalaciones... 😡😤",¿Cuál es la fecha estimada que se te brindó en el correo de confirmación del pedido? ¿Has contactado con la empresa (1/2),delivery_delay,TRUE,delivery_delay,delivery_delay,TRUE,Customer expresses strong anger and frustration regarding delivery uncertainty.
781922,Was told will get a call back in 30 mins max. Liars and cheaters,I'm sorry for the delay. We are experiencing high volumes now. I'll pass on your feedback (1/2)^AU,customer_service_escalation,TRUE,customer_service_escalation,customer_service_escalation,TRUE,"Intent 'customer_service_escalation' involves account security or money, requires human review by policy."
1616031,I can't understand you that link only open my amzone account but not solve my problem. 7869057270 that is my contact no call me,All the email sent from our end can be viewed in that link shared above. Kindly login to your account and check it.(2/2)^HR,account_access,TRUE,account_access,account_access,TRUE,"Intent 'account_access' involves account security or money, requires human review by policy."
516575,I don't need that lame excuse again so if possible give out the delivery boy contact no. Or else i need to wait like a fool here cancel all the plans and shut,Twitter being a Social Media Platform we would not be able to check your order/account details. We have received your details and we will get in touch with you soon. ^AH,delivery_delay,TRUE,delivery_delay,delivery_delay,TRUE,"Message contains strong frustration or repeated-contact language, flagged for human review."
576489,Order id-405-8180353-2083563 ordered on 1st dec and arriving on 13th dec being a prime member.... what is use of prime membership???,"Please don't provide your order details, as we consider it to be personal information. Our Twitter page is public.​ 2/2 ^EM",delivery_delay,TRUE,prime_subscription,prime_subscription,FALSE,"The customer is asking a straightforward question about Prime membership benefits, which an AI can answer without requiring human intervention."
1597237,"Des livres qui coûtent 100 euros, je comprends pas","Bonsoir, Pourriez-vous nous indiquer le lien qui mène vers la page de l'article? ^MD",non_english,FALSE,non_english,non_english,FALSE,"The message is brief and non-English, but does not express anger, confusion, or high financial stakes that require human intervention."
1693724,Why you want me to fill the same form 5th time...Inhave already submitted this multiple time for same issue?????,Since the issue hasn't been resolved yet. Kindly share your details through the link provided above and we'll get back to you. ^SH,customer_service_escalation,TRUE,follow_up_acknowledgment,follow_up_acknowledgment,TRUE,"The customer expresses frustration and confusion about repeated form submissions, indicating a need for human empathy and investigation."
222662,"I woud definitely buy iPhone 6s or 7 if you guys give a better offer than ,as flipkart's is Out of Stock :(",The current price on our website is the best we can offer. Kindly refer the link here: to know more. ^EM,product_content_request,FALSE,general_other,general_other,FALSE,"The message is a general inquiry about pricing and does not express anger, confusion, or safety concerns."
1261192,which link u want...Polaroid site redirected me to amazon India..from there I purchased it...,Could you please share us the link of the product which you have purchased so that we can look into the issue. ^MN,product_content_request,FALSE,general_other,general_other,FALSE,"The message is a simple inquiry about a link redirection and purchase, lacking anger, confusion, or high financial stakes."
2468553,Am Samstag traf unsere kaputte #XBoxOneX bei Amazon ein zwecks austausch. Wann können wir mit dem Ersatzgerät rechnen?,Hi Chris. Konnte dir unser Kundensesrvice helfen? Viele Grüße ^AS,damaged_or_wrong_item,FALSE,damaged_or_wrong_item,damaged_or_wrong_item,FALSE,"The customer is asking for a timeline for a replacement, which is a routine inquiry suitable for AI handling."
1733159,See above,"Hi, apologies for the wait. Tracking will update with new info as soon as possible. ^TS",delivery_delay,FALSE,general_other,general_other,FALSE,"The message is too vague to determine intent, but does not contain the specified escalation triggers."
919368,No me solucionas mucho la verdad. Sigo teniendo que esperar hasta el miércoles? Siendo el producto de Amazon?,"Por este medio no contamos con acceso a tu cuenta, recomiendo verificar la información disponible en este (1/2)",delivery_delay,TRUE,delivery_delay,delivery_delay,TRUE,"The customer expresses frustration and confusion about the delivery timeline, questioning if they must wait until Wednesday and referencing Amazon, which indicates a need for empathetic human handling."
2216615,I just tried to buy a digital code for Cuphead and got a duplicate key. Please help.,Are there two orders here?: Are you able to send a link of the item you tried to buy and we can look into this. ^PK,product_content_request,TRUE,technical_issue,technical_issue,FALSE,The issue involves a technical problem with a duplicate key that can be resolved through standard troubleshooting steps.
78778,"ihr habt mein Geld, also sorgt dafür - ganz einfach!","Wie bereits ^AW erwähnte, können wir dies nicht beeinflussen. Daher bitten wir dich hier um Geduld. ^SK",payment_issue,FALSE,payment_issue,payment_issue,FALSE,"The message is a direct, informal demand in German that can be addressed by standard payment issue resolution workflows without requiring human intervention."
505748,"None of those solutions worked, unfortunately. And now none of the Prime movies have video. I can get audio/video with other apps, though (Netflix, Hulu).",Let's troubleshoot this in real time. Please call or chat with us here: ^BA,technical_issue,TRUE,technical_issue,technical_issue,FALSE,"The user is reporting a technical issue with Prime video playback but remains calm and provides useful troubleshooting context (audio works, other apps function)."
1943700,hat wieder mit 👎 versendet. Kannste wieder auf deine Pakete 📦 die ganze Woche warten. 🤦🏼‍♀️,"Hi, wenn es nicht zum genannten Lieferdatum kommt, sag uns gerne Bescheid! Gruß ^NW",delivery_delay,FALSE,delivery_delay,delivery_delay,TRUE,"The message contains clear anger and frustration emojis, indicating the customer is upset and unlikely to respond well to automated handling."
302597,"So nao adiciona, eu coloco os dados e quando prossigo volta pra conta original, caixa economica só pra add pelo desktop?","Por gentileza, acesse o seguinte link: ^JJ",payment_issue,FALSE,account_access,account_access,TRUE,"Intent 'account_access' involves account security or money, requires human review by policy."
1000989,was supposed to get a package yesterday. Was told could not deliver. I was home all night and it was never attempted.,Sorry to hear about this. Please contact us directly here: and we'll look into it. ^PK,delivery_delay,TRUE,delivery_delay,delivery_delay,FALSE,"The customer expresses frustration but does not exhibit extreme anger, confusion, or safety concerns, and the issue involves a standard delivery delay that AI can address."
728582,Ordered Elica chimney. Delayed sms came. Delivery man insists availability in 5 mins otherwise Tells to order another.,here: we'll get back to you soon. 2/2^AP,delivery_delay,TRUE,delivery_delay,delivery_delay,FALSE,"The customer is expressing frustration about a delivery delay but the request is straightforward and does not involve high financial stakes, safety issues, or complex confusion that requires human intervention."
494940,shocking service received. Been sent the wrong item &amp; what’s the point of paying for Prime &amp; taking 4 days for delivery.,"Oh no! This isn't the experience we want for you, Anjum. We'd love to help as much as possible! In regards to getting the wrong item, have you had a chance to reach out to our customer service in order to get that taken care of? Please let us know! ^JD",damaged_or_wrong_item,TRUE,damaged_or_wrong_item,damaged_or_wrong_item,TRUE,"Customer expresses anger and frustration regarding a wrong item and delivery issues, which requires empathetic human handling."
434488,whats wrong with your customer support. I m tired of following up. :( Disappointed with the service,"I understand your concern. However, as informed, please write back to the email you received from our team. ^AR",customer_service_escalation,TRUE,customer_service_escalation,customer_service_escalation,TRUE,"Intent 'customer_service_escalation' involves account security or money, requires human review by policy."
1428595,Zero class service from you i am getting from few days. I purchased MI power bank from U and it stops working after some days,"We've responded to your DM, please check. ^KA",damaged_or_wrong_item,TRUE,damaged_or_wrong_item,damaged_or_wrong_item,FALSE,The customer expresses frustration but the request is a standard product replacement issue suitable for AI resolution.
1255713,I got a lightning deal from for 1000 rs more than last week's original price. 🤔,"efforts to offer you the lowest price, may result in fluctuations in our prices over time. (2/2)^HR",payment_issue,FALSE,general_other,general_other,FALSE,"The customer is expressing confusion about pricing, which AI can address without human intervention."
2320810,"What happened??? Amazon tells return not delivered.. Bluedart says its already delivered, but status not showing. Who can I trust??? I think its a trap to customer from both Amazon and Bluedart... Isn't it???",I'm sorry about the conflicting information. Kindly share your details here: and we'll get this checked for you. ^GD,refund_return,TRUE,refund_return,refund_return,TRUE,"Intent 'refund_return' involves account security or money, requires human review by policy."
2752093,"why am I paying for Amazon prime next day delivery when it's taking 2, 3 sometimes 4 days to receive a delivery? All items are prime eligible and stated as one day delivery","I'm sorry to hear you aren't receiving your orders by the date expected! Shipping speed refers to the time taken to arrive, in business days, once shipped. Details here: ^BV",delivery_delay,TRUE,delivery_delay,delivery_delay,TRUE,"Customer expresses significant frustration and questions billing value, indicating a need for human empathy and resolution."
2907794,"I’m not around a computer right now and the app always works on my phone, until now. I will have to try to make my purchase on the computer later.",Ok! Let us know when you are able to try it on a computer. ^DA,technical_issue,FALSE,technical_issue,technical_issue,FALSE,"The user is reporting a minor technical inconvenience with no signs of anger, confusion, or high stakes."
2631396,Pour le moment non (mais les 3 dernières par colis privé oui). Je reviens vous voir début de semaine quand ce sera le cas 😁 merci pour le soutien !,"Je vous en prie, passez un bon week-end. ^BR",follow_up_acknowledgment,FALSE,non_english,non_english,FALSE,"The message is polite, contains no anger or confusion, and is a simple status update that an AI can acknowledge."
2807313,Driver was on my street according to your map view! Ridiculous,"We can't view your account details on Twitter, but would still like to escalate this for you. Please submit the requested information here: ^JS",delivery_delay,TRUE,delivery_delay,delivery_delay,TRUE,"Message contains strong frustration or repeated-contact language, flagged for human review."
2815485,"Hello, I received a package that said I had all 3 of my items together in the same package. This was not the case, I am missing one of my items, I had gotten a box with Styrofoam instead of an elgato game capture. How do I go about this?",I'm sorry for the trouble with this order! You can learn more about returning the wrong item here: ^DG,damaged_or_wrong_item,TRUE,damaged_or_wrong_item,damaged_or_wrong_item,FALSE,"The customer is reporting a missing item and incorrect packaging, which can be resolved through standard replacement or refund processes without requiring human intervention."
1044983,déjà fait idem et via application idem aussi...,Merci de nous l'avoir signalé. Nos techniciens travaillent dessus pour une résolution rapide. ^ARC,technical_issue,TRUE,non_english,non_english,FALSE,"Message is repetitive and non-critical, suitable for AI processing."
1474814,and your representative just gave us the phone number for the person who ordered it. Pretty sure you can't give out private info,I'm so sorry! We'd like to look into this for you. Please provide any order/contact info here: ^AG,account_access,TRUE,customer_service_escalation,customer_service_escalation,TRUE,"Intent 'customer_service_escalation' involves account security or money, requires human review by policy."
897590,delivery date was for today by 9pm &amp; latest tracking update was “package has left seller facility and is in transit to carrier” at 12:33pm,"Thanks for confirming. Using the previous link, can you also provide which carrier was assigned to the order? ^BH",delivery_delay,FALSE,delivery_delay,delivery_delay,FALSE,"The customer is providing tracking information and stating a delivery date, which is a straightforward status inquiry suitable for AI resolution."
183316,",I have already mentioned my details",Thanks for sharing your details in the link. We'll contact you with an update shortly. ^ZH,follow_up_acknowledgment,FALSE,general,unparseable,FALSE,"The message is brief and does not contain indicators of anger, confusion, or high stakes requiring human intervention."
2680800,Investigation required to check details from side. Since they are lying for providing the 1000 giftcards. they have denied.,Thank you for replying to the email sent by the social media team. We'll work on the issue and get back to you with an update. ^PJ,customer_service_escalation,TRUE,general_other,general_other,TRUE,"The customer explicitly accuses the company of lying and fraud regarding high-value giftcards, indicating high anger and financial stakes that require human intervention."
2269289,"Selling above MRP is offence in india ,may be does not have awareness above the law of the land .",The MRP of the product delivered might differ from the MRP mentioned on the website. This could happen owing to a variety of factors. More info: (1/2) ^KA,customer_service_escalation,TRUE,general_other,general_other,FALSE,"The message is a general statement about Indian law and does not express anger, confusion, or high financial stakes."
644871,"Hab gerade gesehen, dass es bei Büchern, dass jetzt endlich gibt. Wollte fragen seit wann?",Das kann ich dir leider nicht beantworten. Auf unserer Webseite werden regelmäßig zahlreiche Änderungen vorgenommen. Gruß ^MI,non_english,FALSE,general_other,general_other,FALSE,"The message is a casual inquiry about book availability and does not contain anger, confusion, financial stakes, or safety concerns."
1307258,I think I finally got some answers from the online chat. Still would like to talk to someone on the phone in the morning. What would be the phone number to speak with someone in the US. Dealt w/ 2 out of country reps that weren't able to relate the geography of the US...,"Incoming calls are routed to the first available associate, we can be reached directly here: ^JR",customer_service_escalation,TRUE,customer_service_escalation,customer_service_escalation,TRUE,"Intent 'customer_service_escalation' involves account security or money, requires human review by policy."
2906580,"DLed app on my new iphoneX, and it keeps saying I need a verification code. I've tried 4X, and it says it's sending one to my email, but there is nothing there. Please advise.","Sorry for the trouble, Carrie! We're here to help! Are you experiencing this when you attempt to log into your account? ^VB",account_access,TRUE,technical_issue,technical_issue,FALSE,The user is experiencing a technical issue with app verification that can be resolved with standard troubleshooting steps.
2281362,Algún teléfono donde me pueda comunicar con ustedes?,"Sin brindar información personal o de tu cuenta dinos, ¿cómo te podemos asistir? ^KS",customer_service_escalation,FALSE,non_english,non_english,FALSE,"The message is a simple request for contact information in Spanish, which the AI can handle without safety or financial risks."
2532212,hola uds me estan cobrando en mi tarjeta de credito AMAZON DIGITALSVCS y yo no tengo ese servicio,"Hola Hades, sentimos este inconveniente. ¿Podrías confirmarnos estas informaciones: ^DA",payment_issue,TRUE,payment_issue,payment_issue,FALSE,"The customer is reporting an unrecognized charge but has not expressed anger or confusion, and the issue can be investigated by an AI agent."
287905,"As I mentioned, I have followed all those steps, but no revert back. What is the SLA to reply for simple query or even acknowledgment?",Apologies for the trouble you've had. Have you escalated this to our support team here: for help?^SB,customer_service_escalation,TRUE,follow_up_acknowledgment,follow_up_acknowledgment,FALSE,"The user is asking about SLA timelines, which is a standard policy question that AI can answer without human intervention."
665565,I didn't receive anything,Please reply to the email you've received from our Social media team or kindly resubmit the details (1/2) ^KA,general_other,TRUE,order_not_received,order_not_received,FALSE,"The message is brief and lacks indicators of anger, confusion, or high stakes."
136213,Hi - not bought anything from you in a while/don't have Prime. Why'd you take £1 from me on the 21st?,"Hi Rob, we can't access any order or account information over Twitter. This looks like an authorisation. You can find more information here: ^PJ",payment_issue,TRUE,payment_issue,payment_issue,FALSE,"The customer is asking about a small, specific charge and does not express anger or confusion, making it suitable for AI resolution."
1655056,"Je ne sais pas, sur la photo il ne s'agit pas de mon colis.",Il est possible que votre voisin remonte l'information à notre SAV via ce lien ^SN,order_not_received,TRUE,non_english,non_english,FALSE,"The message is a simple expression of confusion in French, which the AI can understand and address without human intervention."
1268271,. so this person copied review from my blog &amp; pasted it on amazon. It's a serious case of copyright infringement. Plz resolve this,We'd like to look into this. Write to us here: and we'll get in touch with you soon. ^MO,customer_service_escalation,TRUE,general_other,general_other,FALSE,"The message requests resolution of a copyright issue but lacks urgency, anger, or high financial stakes requiring human intervention."
1356329,And i was just hung up on twice from your wonderful customer service,I'm sorry for the upsetting experience. Had the delivery date changed from what is showing in your confirmation e-mail? ^VS,customer_service_escalation,TRUE,customer_service_escalation,customer_service_escalation,TRUE,"Intent 'customer_service_escalation' involves account security or money, requires human review by policy."
602326,pls help DM :(,"Hi, We're sorry for the inconvenience! We want to make sure we’re providing the best solution for you. In this case, we recommend you to contact our Customer Support, please click the following link: ^HC",general_other,FALSE,general_other,general_other,FALSE,"The message is a brief, informal request for help with no clear indicators of anger, confusion, or high stakes."
2555104,"hi, just have a quick question: I ordered the new Pokemon games this week, and they're expected to ship tomorrow. Why is it going to take 4 days to get to me? Thanks",Hi Corey! What delivery method did you select at checkout? ^CN,delivery_delay,FALSE,delivery_delay,delivery_delay,FALSE,"The customer is asking a straightforward shipping timeline question without signs of anger, confusion, or high financial stakes."
814420,Yet AGAIN i got the message that the consignment is delivered and not physically received? 1/2,and I'll get back to you. 3/3 ^SH,order_not_received,TRUE,order_not_received,order_not_received,TRUE,"Message contains strong frustration or repeated-contact language, flagged for human review."
2704916,"Thanks I now have access, however I keep getting the message ""We encountered an error while submitting your request, please try again"" 🙁",Thanks for that information! What kind of device are you trying to pull the report up on? ^AR,technical_issue,FALSE,account_access,account_access,TRUE,"Intent 'account_access' involves account security or money, requires human review by policy."
988103,"it looks like it’s sorted itself out now, thanks for the reply anyways! - Max","Oh, excellent :D Thanks for letting us know :) ^RL",follow_up_acknowledgment,FALSE,follow_up_acknowledgment,follow_up_acknowledgment,FALSE,"The customer acknowledges the issue is resolved and expresses gratitude, requiring no further action."
1203469,"Ya todo ok, muchas gracias","Con gusto, cualquier asistencia adicional que necesites, estamos a tu disposición. ¡Saludos! ^AZ",follow_up_acknowledgment,FALSE,non_english,non_english,FALSE,The message is a polite closing with no indication of issues requiring human intervention.
1101930,"I dont think it was, i dont normally tick the box for gifts but i will in future",Have you spoken to us directly via: to see what options we have available? ^NV,general_other,FALSE,general_other,general_other,FALSE,"The customer is providing feedback on their future behavior and does not express anger, confusion, or high financial stakes."
191536,I emailed them and they gave me Patch SellerOrderId and ShipTrack but it is not under my orders and i dont know how to look it up,Did they mention who the carrier for the replacement order is? ^LB,order_not_received,FALSE,account_access,account_access,TRUE,"Intent 'account_access' involves account security or money, requires human review by policy."
2884829,"I am so fed up with your Amazon Carrier. I can assure you that I will never order from you again. I am a subject of discrimination.I am waiting for my parcels (204-2145674-7661952 *Q20883654194* and 204-6604910-5294713 *Q68357902093*) since Friday - ""external factors""",Sorry to hear you've had a negative experience Emily. We would ask you don't share personal information such as order numbers over Twitter as it is public. Can you tell me a bit more about the issue you're experiencing?^TI,delivery_delay,TRUE,delivery_delay,delivery_delay,TRUE,"Message contains strong frustration or repeated-contact language, flagged for human review."
2971859,"No I did not, only saw it from the ""track package""","I'm sorry to hear about the delay! We're happy to help, but we can't view your account details on Twitter. Please reach us via phone or chat here: ^JS",delivery_delay,FALSE,delivery_delay,delivery_delay,FALSE,"The message is a simple clarification with no signs of anger, confusion, or high stakes."
2285696,"ei pessoal da Amazon, sabem dizer se a empresa vai expandir além de livros e eletronicos aqui no Brasil? Se sim, tem previsão?",Olá sisyphus. Você já conferiu o nosso site? Tem muitos produtos novos para venda. Qual produto exatamente você procura? ^JJ,non_english,FALSE,general_other,general_other,FALSE,"The message is a general inquiry about company expansion and does not involve anger, confusion, financial stakes, or safety issues."
980218,I did check...,Let us look into it. Please share your details from the link here: to assist you further. ^HR,follow_up_acknowledgment,FALSE,delivery_delay,delivery_delay,FALSE,"The message is a fragment with no clear request or complaint, so it can be safely ignored or auto-responded to by AI."
1298917,"it was ""AMZL US""",Thanks for confirming! Please provide your details here: and a specialist will contact you. ^HC,delivery_delay,TRUE,delivery_delay,delivery_delay,FALSE,The message is a brief carrier name reference with no expressed emotion or complex request.
1070055,I am not getting EMI feature on this phone at . Can you help in this?,Add product &gt; proceed to check out &gt; select address &gt; select shipping speed &gt; select payment method. [1/2] ^HA,payment_issue,FALSE,payment_issue,payment_issue,FALSE,"The message is a straightforward request about a missing feature with no signs of anger, confusion, or high financial stakes."
283142,Great Indian Sale of is in mess. No deliveries in time. Massive delays and deliveries to wrong addresses.,team here: ? (2/2) ^GK,delivery_delay,TRUE,delivery_delay,delivery_delay,TRUE,Customer expresses anger and significant delivery failures affecting multiple orders.
2620999,No... debo... entrar... a... !! &gt;o&lt;,"Hola. Si te entendemos, hay tanto que comprar que es para volverse loco. 😜 Pero ¿qué tal un auto regalo o bien un regalo sorpresa para alguien que ames? 😍😉 Cuéntanos, ¿a quién te gustaría sorprender con un regalo? ^KA",non_english,FALSE,non_english,non_english,FALSE,"Message contains only fragmented non-English characters, no clear intent or escalation triggers."
701501,I’m actually very impressed with the sound quality of the Echo Plus 👏,We're glad that you loved it. Have a great time with the new gadget in the house. ^CB,general_other,FALSE,general_other,general_other,FALSE,The message is a positive comment with no issues requiring human intervention.
2078445,I don’t know what the delivery driver is doing. Maybe he can’t read and is delivering to the building next door or something.,We'd like to have a look at this. Send us more details about this order here: ^CL,delivery_delay,TRUE,delivery_delay,delivery_delay,FALSE,"The message expresses mild confusion but lacks anger, safety risks, or high financial stakes."
1156737,What is this? Why you have cancelled the pic up. How long you will going to harass me.,"Apologies for the delay in pickup, Arun. Could you confirm if you've shared your details in the link provided earlier? ^HD",delivery_delay,TRUE,general_other,general_other,TRUE,"The message contains strong anger and confusion, and the customer feels harassed, which requires human empathy and intervention."
609423,I spoke to a customer service agent who told me that they'd get it back to me today if possible. This has happened far too many times now and I'm really not happy,What is the current status of your parcel showing? You can check for this information at the following link: ^MW,customer_service_escalation,TRUE,follow_up_acknowledgment,follow_up_acknowledgment,TRUE,"The customer expresses significant frustration and repeated negative experiences, indicating a need for human empathy and resolution."
1121273,T5 what is the point of buying 5 4m if doesn't fullfill promises. Ds is cheating. Ds is not hw u do business.,That's unusual. I'm sorry to hear about the experience you've had with us. Let me investigate this further and help you. (1/2) ^VM,delivery_delay,TRUE,"general
</think>delivery_delay",delivery_delay,TRUE,"The message contains strong anger and accusations of cheating, which requires human empathy to de-escalate."
1656732,is amazon household available on amazon.ca?,At this time there is no option share an Amazon Prime membership on Amazon.ca with a different account. ^EB,prime_subscription,FALSE,general_other,general_other,FALSE,"The message is a simple factual question about service availability that does not involve anger, confusion, financial stakes, or safety issues."
1157284,cheating customers with price fluctuations,"you the lowest price, may result in fluctuations in our prices over time. ^SG(2/2)",payment_issue,FALSE,payment_issue,payment_issue,TRUE,"The customer is accusing the company of unethical behavior (""cheating""), which requires human empathy and judgment to de-escalate."
2497679,amazon said my package will get here by 8pm tonight. AMAZON IT IS ALMOST 8PM WHERE IS MY FUKIN PACKAGE,"Sorry for the wait! Typically, late orders arrive the next day. If yours doesn't call us here: ^NN",delivery_delay,TRUE,delivery_delay,delivery_delay,TRUE,"The message contains high anger and profanity, which requires human empathy and intervention."
26886,It’s not working!!,Oh no! What's the issue? What does it show? ^PK,technical_issue,FALSE,technical_issue,technical_issue,FALSE,The message is brief and lacks specific details about the issue or user emotion.
1201952,Huhu ihr. Könnt ihr mir zufällig einen Link zu eurem „normalen“ Weihnachtskalender geben? Ich find immer nur den Beauty :(,Meinst du diesen hier: Falls nicht: Welchen genau meinst du? :) ^SK,non_english,FALSE,general_other,general_other,FALSE,"The request is a simple inquiry for a product link and does not involve anger, confusion, financial stakes, or safety issues."
1151749,I was facing this issue on my old phone and now on my new phone too...,Could you confirm if both the devices belong to same manufacturer? ^HD,technical_issue,TRUE,technical_issue,technical_issue,FALSE,"The user is describing a recurring technical issue, which AI agents are designed to troubleshoot."
2921376,"If that's the case, why has everything else I ordered already arrived? Things I ordered at the same time! I've run out of patience with you! 5 days late is totally unacceptable!!!! If you can't deliver it within the 2 days it shouldn't be available for prime shipping!","I'm so sorry that your parcel is late. I know it's frustrating! It's possible this item is coming from a fulfillment center outside of the UK. That, combined with the sheer volume of orders that the carriers are trying to cover this week, could explain the delay. ^SP",delivery_delay,TRUE,delivery_delay,delivery_delay,TRUE,"Message contains strong frustration or repeated-contact language, flagged for human review."
676127,1-Package held by courier company for a week then marked as damaged 2-refund initiated after promising replacement 3-received a damaged product which was returned by another’s customer 4-replacement sent back to seller without delivery attempt citing customer refused Many more..,I'm sorry that you had an unpleasant experience with your order regarding delivery and return. Kindly share your details here : and we'll contact you soon. ^VH,damaged_or_wrong_item,TRUE,damaged_or_wrong_item,damaged_or_wrong_item,TRUE,The message contains multiple conflicting scenarios and serious delivery disputes that require human judgment.
250002,Ohk but not able to talk from customer care also if I want to talk from customer care phone is automatically disconnected,and we'll sort this out. 2/2 ^SH,customer_service_escalation,TRUE,account_access,account_access,TRUE,"Intent 'account_access' involves account security or money, requires human review by policy."
430636,"Extremely disappointed to inform that a 1 day delivery, that was supposed to hv received yesterday hasn't been delivered evn tdy.",Apologies for the unpleasant experience. Kindly share your details here: and I'll contact you. ^GS,delivery_delay,TRUE,delivery_delay,delivery_delay,TRUE,Customer expresses extreme disappointment and frustration over a failed delivery promise.
1390011,Nooo.juz help me with contact details 😈😈u fools,"As Twitter is a social media platform, we're unable to share details, for more help, please reply to the email sent by us.^RS",customer_service_escalation,TRUE,general_other,general_other,FALSE,"The message contains playful emojis and a request for contact details, which does not indicate anger, confusion, or safety issues requiring human intervention."
1597032,,"Is the screenshot you have shared, regarding a new issue you have faced? ^CB",general_other,FALSE,general_other,general_other,ERROR,float' object has no attribute 'lower'
1547601,ordered original and delivered non genuine product twice. Though i got refund but its not good business practice.,"Please don't provide your order details, we consider it personal information. Our Twitter page is visible to public. ^HA",damaged_or_wrong_item,TRUE,refund_return,refund_return,TRUE,"Intent 'refund_return' involves account security or money, requires human review by policy."
74567,"Segun ellos el repartidor está muy agobiado por tener mucho reparto,pues que contraten mas,ese no es mi problema.Mi problema es con no con .no es mi primer pedido con vosotros","Comprendo, en este caso te recomiendo ponerte en contacto con nuestro departamento de Servicio al Cliente, recuerda que puedes reportar esta situación con ellos, ingresando al siguiente enlace: ^KA",delivery_delay,TRUE,general_other,general_other,FALSE,"The message contains a complaint but lacks anger, confusion, or safety issues, and the customer's stance on hiring more staff is not a decision the AI needs to make alone."
1626631,"Thank you for the reply, I’ll wait. If it doesn’t arrive Who the best to contact?","If it doesn't arrive then, we can take a further look in real-time here: Keep us posted, Katy! ^FD",follow_up_acknowledgment,FALSE,follow_up_acknowledgment,follow_up_acknowledgment,FALSE,The message is a polite acknowledgment with a simple question that does not require human intervention.
520696,"Muchas gracias, lo checaré. 👍🏻","Con gusto Sergio, recuerda que si necesitas de asistencia no dudes en contactarnos. ^NB",follow_up_acknowledgment,FALSE,non_english,non_english,FALSE,"The message is a polite thank you with no indication of anger, confusion, or high stakes."
1724712,i bought the harmony cause ur site says it works with alexa but i been trying for hours and it does not work. Even the reviews on the app store says its terrible. u guys are not gonna take stuff back soon cause of smart home devices not working with all the returns,"We'd like to help! Do you have the Harmony Skill enabled on your Alexa? For more info, visit us here: ^TK",technical_issue,TRUE,damaged_or_wrong_item,damaged_or_wrong_item,TRUE,"The customer expresses strong anger and frustration regarding a high-value purchase and return policy concerns, which requires human empathy and resolution authority."
261685,"I need to speak to some of your executive, I want to know the reason behind this unprofessional behavior and hypocrisy","Thank you for the filling up the details, Mayur. We'll reach out to you soon. Appreciate your understanding. ^HD",customer_service_escalation,TRUE,customer_service_escalation,customer_service_escalation,TRUE,"Intent 'customer_service_escalation' involves account security or money, requires human review by policy."
1314596,Yes filled and responded.,Thanks for letting us know that you've shared your details. Please allow us some time and we'll reach out to you. ^KA,follow_up_acknowledgment,FALSE,general_other,general_other,FALSE,The message is a brief confirmation with no apparent request for assistance or escalation.
350566,Cannot believe what had happened to your logistics network. 4 out of 5 purchases needed intervention before delivery.,I'm sorry for the inconvenience due to recent instances. Kindly provide your details here: 1/2 ^SH,delivery_delay,TRUE,delivery_delay,delivery_delay,TRUE,The customer expresses strong anger and frustration regarding a widespread logistics failure affecting multiple purchases.
472388,When you order next day delivery and it hasn’t arrived 7 days later,"Hello Sam, I am sorry to hear that your order has been delayed. Without going into any personal account info can you please tell us more about this? ^HS",delivery_delay,TRUE,delivery_delay,delivery_delay,FALSE,"The message is a straightforward status inquiry that does not contain anger, confusion, or high financial stakes."
698823,"Still not get product order 405-4841727-8482714, which used to deliver on 9th. Nor update the delivery time. Intentionally do that","Please don't provide your order details, as we consider them to be personal info. Our page is visible to the public. (2/2) ^GK",delivery_delay,TRUE,order_not_received,order_not_received,TRUE,"Message contains strong frustration or repeated-contact language, flagged for human review."
465857,"your new Amazon #delivery=THE worst. Many packages lost, customer service knows nothing, go back to !!! #amazondeliverysucks","I'm so sorry to hear about the trouble you've had with your orders, Janinne. Are you experiencing an issue with a current order? We're here to help! ^HS",delivery_delay,TRUE,delivery_delay,delivery_delay,TRUE,"The message contains strong profanity and anger, which requires human empathy and judgment."
2530216,I'm getting wrong image preview in my purchase product and when I'm opening that product more info showing the correct one.,Kindly report this to our support team here: 2/2 ^VH,technical_issue,FALSE,product_content_request,product_content_request,FALSE,The user reports a product content issue (incorrect image preview) that can be resolved by AI without requiring human intervention.
835178,", Thank you for delivering used mobile phone. #LenovoZ2Plus. Quick replacement will be appreciated.",with an update regarding the returns. Appreciate your patience. 2/2 ^MJ,damaged_or_wrong_item,TRUE,damaged_or_wrong_item,damaged_or_wrong_item,FALSE,"The customer expresses gratitude and requests a replacement, which is a standard request an AI can process without human intervention."
977282,not sure if it was old or new feature but love the export notes feature of kindle. Great job team 👍,Glad to know you loved it. Thanks for letting us know. :) ^HK,general_other,FALSE,general_other,general_other,FALSE,The message is positive feedback with no confusion or issues requiring human intervention.
362944,It is not on my card balance. So kindly refund.,We'd like to personally look into this with you. Please contact us at &amp; we'll be pleased to help! ^PF,refund_return,TRUE,payment_issue,payment_issue,FALSE,"The message is a direct request for a refund with a clear reason, suitable for AI processing."
2187547,Can I send DM to you?,"Yes, please elaborate on your concern via DM and we'll assist you further. ^AS",follow_up_acknowledgment,FALSE,general_other,general_other,FALSE,The message is a simple inquiry about communication method and does not involve sensitive topics or high stakes.
1499753,"Then what I saw earlier is for what? Y not the original price? It shows discounted prices all time on front,y not the increased prices too?","our efforts to offer you the lowest price, may result in fluctuations in our prices over time.2/2^HN",payment_issue,FALSE,general_other,general_other,FALSE,"The message expresses confusion about pricing but does not contain anger, safety issues, or high financial stakes requiring human intervention."
1423806,Twice. Nice that you ‘get’ it. Any chance my dad will ‘get’ his gift anytime today?,Thanks for the heads up. We'll check and reach out to you with an update soon. ^GS,delivery_delay,TRUE,delivery_delay,delivery_delay,FALSE,"The message is polite and contains no anger, confusion, or high-stakes issues requiring human intervention."
709956,"Si, pero no me han contestado","¿Hace cuánto contactaste al vendedor al respecto, Julio? ^LG",non_english,TRUE,customer_service_escalation,customer_service_escalation,TRUE,"Intent 'customer_service_escalation' involves account security or money, requires human review by policy."
2064424,Hw will I give my twitter link,You may copy the link from the URL bar and paste in the option where it asks URL to be entered. ^SB,general_other,FALSE,general_other,general_other,FALSE,"The message is a simple informational query that does not involve anger, confusion, financial stakes, safety issues, or complex decision-making."
1067738,Details as requested sent on mail. Pls revert immediately,"Sure thing! If you have shared your details, we'll get back to you at the earliest. ^OS",follow_up_acknowledgment,FALSE,delivery_delay,delivery_delay,FALSE,"The message is brief and polite, lacking anger, confusion, or high-stakes issues."
649608,Gracias. Saludos.,"Con gusto Ángeles, recuerda que si necesitas de asistencia o tienes preguntas no dudes en contactarnos. 🙂❤️ ^NB",follow_up_acknowledgment,FALSE,non_english,non_english,FALSE,The message is a polite closing with no complex issues or safety concerns.
2509215,"Elle avait déjà été repoussée, de toute manière, la date du 17 ayant disparue alors que je n'avais pas encore changé le mode de livraison. Merci beaucoup pour le lien, je vais contacter le SAV.",À votre service !,delivery_delay,TRUE,delivery_delay,delivery_delay,FALSE,"The message is polite and contains a clear request to contact the SAV, with no signs of anger or confusion."
1608629,"yesterday via twitter. As we heard nothing, we emailed. You need to seriously think about and whether should use them.","Thanks, you can get in touch here via phone or live chat: ^BM",customer_service_escalation,TRUE,general_other,general_other,FALSE,"The message expresses frustration but lacks specific details, high financial stakes, or safety concerns that require human intervention."
1016722,"I've received the confirmation for my refund, but it's been more than 1w that I'm waiting for the money in my account.",Sorry for the trouble! Some refunds may take up to 14 business days to reach your account. Please keep us updated. ^VB,refund_return,FALSE,refund_return,refund_return,TRUE,"Intent 'refund_return' involves account security or money, requires human review by policy."
321160,"you guys just keep asking, cant see any action or signs of it! all blindspot episodes","Sorry for the inconvenience. We've escalated the issue to our relevant team, this shall be resolved soon. ^SH",customer_service_escalation,TRUE,general_other,general_other,FALSE,"Message expresses frustration but lacks specific safety, financial, or escalation triggers."
988057,#AmazonIndia #Amazon The return pick-up was scheduled for 14th Sept 2017. How much more time would it take to pickup the returned product?,I'm sorry for the delay in the pickup. Have you reported this to our support team here: ^AU,refund_return,TRUE,refund_return,refund_return,TRUE,"Intent 'refund_return' involves account security or money, requires human review by policy."
1791166,"Another day, another delivery truck fails to turn up. I really wish they’d just use which actually works.","Hi, I'm sorry to hear this. What does the tracking currently say? ^KK",delivery_delay,TRUE,delivery_delay,delivery_delay,FALSE,"The message expresses frustration but does not contain explicit anger, confusion, high financial stakes, safety issues, or requests requiring human judgment."
2061566,"It's possible to cancel an order on Amazon, why is it impossible to cancel Prime? If I wanted a free trial I would sign up for one.","Hey, you can cancel your Prime subscription for a refund here: . Refunds may take 5-7 business days ^RS",prime_subscription,FALSE,prime_subscription,prime_subscription,FALSE,"The user is expressing frustration about Prime cancellation but is not directing anger or confusion at the support agent, and the request does not involve high financial stakes or safety issues."
794445,Yes. Yes you have.,We'd like to take a closer look into this with you. Please reach us via phone/chat here: ^KP,follow_up_acknowledgment,FALSE,general_other,general_other,FALSE,"The message is a brief confirmation with no signs of anger, confusion, or high stakes."
723987,"My order was finally delivered, and I very much appreciate the help I received from Luis A. and Brian (or Bryan?). Thank you, both!",Yay! I'm happy to hear you got it. Please let us know if you need anything else. We're happy to help. ^CL,follow_up_acknowledgment,FALSE,follow_up_acknowledgment,follow_up_acknowledgment,FALSE,The message is a positive acknowledgment with no issues requiring human intervention.
980081,Received packet a little while ago. Thanks for the efforts made in sending messages.,I'm glad that you have received your package. Please do let us know if you need any further assistance. ^SY,follow_up_acknowledgment,FALSE,general_other,general_other,FALSE,"The message is polite and expresses gratitude, requiring no intervention."
522596,"Yes, it said Friday, December 1st in the email. Sometimes the delivery trucks run late where I live, but the last check in was at around 5:30pm today in Portland, Oregon, and I live 300 miles East of there so I'm not entirely sure if it is even in town out for delivery.",I'm sorry for the wait! Which carrier was assigned to the order? You can check for this here: ^BH,delivery_delay,FALSE,delivery_delay,delivery_delay,FALSE,The customer is providing specific tracking details and location information without expressing frustration or urgency.
2283040,,"Por favor, mantennos informados. ^CR",follow_up_acknowledgment,FALSE,general_other,general_other,ERROR,float' object has no attribute 'lower'
530717,Amazon owns Twitch. I pre-ordered the game for my Twitch channel from Amazon. Amazon was supposed to deliver the game with their own delivery service by 8pm... Nope! It seems like Amazon can't push the payload. 😂,"Hi, I am sorry to hear that your game is delayed. Did you get an email advising why it was delayed? ^HS",delivery_delay,TRUE,delivery_delay,delivery_delay,FALSE,"The user is expressing frustration through humor rather than genuine anger, and the issue involves a third-party delivery problem that AI can address with standard troubleshooting."
2551973,I have already shared thru the link and also provided the screenshot here. I didn't take the screenshot of the whole page..can send via DM,"If you've shared the details via the secured link, we'll look into it and get back to you. Appreciate your patience. ^MO",follow_up_acknowledgment,FALSE,follow_up_acknowledgment,follow_up_acknowledgment,FALSE,"The message is a standard follow-up acknowledgment with no signs of anger, confusion, or high stakes."
139017,"Si cette date m'avait été indiquée lors de la commande, je ne l'aurais pas validée et serais allé les chercher à la FNAC demain. C'est d'ailleurs ce que je vais faire, je vais annuler et aller à la FNAC.","Je suis désolée si la date de livraison ne vous convient pas. Veuillez noter que vous avez la possibilité de vérifier la date de livraison prévue sur la page ""Vérification et validation de votre commande"" et ce avant de valider l'achat. ^FA",delivery_delay,TRUE,delivery_delay,delivery_delay,FALSE,"The customer expresses intent to cancel and seek an alternative, which can be processed through standard cancellation workflows."
2752557,"The promised delivery day was today, up till an hour ago when they moved it to tomorrow or the next day. And idk what the delay is for but it just got delivered to the amazon fulfillment center in NJ after already being in NJ somewhere else.",We are unable to view two attempted screenshot posts. We'd love to help but need more info. Who is the carrier assigned to your delivery here: Did you receive any updates regarding your delay here: ^SH,delivery_delay,TRUE,delivery_delay,delivery_delay,FALSE,"The customer expresses mild confusion but does not show anger or high-stakes urgency, and the issue involves a standard delivery delay that AI can address."
198704,I just have axis card and the product isn't eligible for COD. I need the product URGENTLY. Don't show me options. Return prime money,We'll get this checked. Please report this to our support team here: and we'll look into this. ^HD,payment_issue,TRUE,payment_issue,payment_issue,FALSE,"The user provides a specific payment method and product eligibility constraint, allowing the AI to process the request directly without ambiguity."
2680309,"Amazon ich hasse dich 😤 Wegen dir Krieg ich meine SAO OS Limited Box nicht weil ihr scheiße gebaut habt. Danke, Vielen Dank 😤😤😤",Oje - was ist denn passiert? Gruß ^NW,delivery_delay,TRUE,damaged_or_wrong_item,damaged_or_wrong_item,TRUE,"Message contains strong profanity and anger, requiring human empathy to de-escalate the situation."
1881612,La comodità dell'app di #Amazon che ti avvisa quando un oggetto della tua lista desideri è in offerta lampo 😍 #LeCoseFatteBene,ci teniamo a fare le cose per bene! 😁 ^MZ,non_english,FALSE,non_english,non_english,FALSE,"The message is a positive comment in Italian and does not contain anger, confusion, high financial stakes, or safety issues."
2267127,HELP! You delivered the wrong product to me yesterday and need the correct product now,Oh no! Have you had a chance to checkout available options here: We'd love to help with this! ^ML,damaged_or_wrong_item,TRUE,damaged_or_wrong_item,damaged_or_wrong_item,TRUE,"The customer is expressing anger and urgency regarding a delivery error, which requires empathetic human handling."
1480526,still waiting on my Delivery and your call center is no help,I'm sorry you haven't received your parcel yet. Have we missed the confirmed delivery date? ^AM,delivery_delay,TRUE,delivery_delay,delivery_delay,FALSE,The message expresses frustration but lacks specific details requiring human intervention.
1241776,I have already replaced the battery and yet nothing... I tried everything. At the moment I’m using my phone as the remote.,"On the fire stick remote, hold the Home button for up to 10 seconds and then try the remote again. Let us know if this helps! ^DG",technical_issue,FALSE,technical_issue,technical_issue,FALSE,"The user is reporting a technical issue and providing troubleshooting steps, but there is no explicit anger, confusion, or safety concern present."
1983637,Io quando trovo offerte assurde su #asos o su #amazon,Poi sei così generoso da condividerle con i tuoi amici? 😀 ^GD,non_english,FALSE,general_other,general_other,FALSE,"The message is a casual comment about finding deals and does not involve anger, confusion, high financial stakes, or safety issues."
2485580,"Getting a thousand texts from that my orders are delayed, but they were delivered yesterday. 🤔",Hello! Does the tracking show that your parcels are delivered? You can check the tracking here: ^CN,delivery_delay,FALSE,delivery_delay,delivery_delay,FALSE,"The customer expresses mild confusion but no anger or safety concerns, making it suitable for AI resolution."
2864727,"Listening to Joy To The World by Nat King Cole, on the album: The Christmas Song - Thanks","You are very welcome, Patrick! 😊 ^JD",follow_up_acknowledgment,FALSE,general_other,general_other,FALSE,The message is a casual comment with no request for assistance or issues requiring human intervention.
1777658,Nice - thanks !!,"You're welcome, if you need anything else then don't hesitate to let us know. ^KI",follow_up_acknowledgment,FALSE,general_other,general_other,FALSE,"The message is a brief, positive acknowledgment with no complex request or issue."
1549420,Yo will there be a season 2 of Goliath? That show was pure fire!,"I'm sorry, I'm not seeing we've made any announcements regarding this Amazon Original series. Stay tuned! ^JR",product_content_request,FALSE,general_other,general_other,FALSE,"The message is a casual fan question with no signs of anger, confusion, or high stakes."
800967,Secure link?,"Apologies for the confusion, Dharani. Please share your details here: I'll get in touch with you ^HD",account_access,FALSE,payment_issue,payment_issue,FALSE,"The message is a brief query about a secure link and does not indicate anger, confusion, high financial stakes, or safety issues."
